N,tau_c,beta_E,beta_C,Jc_used,J_star,Delta_star,Delta_star_norm,objective_star_mean,objective_star_std,I_dec_star_mean,rate_star_mean,n_valid_points,rate_cap_used
10000,0.05,0.0,0.005,0.6000000000000001,0.5,0.10000000000000009,0.1666666666666668,19.878656333080997,6.992458430075431,19.907542063133402,4.76861,3,20.0
10000,0.05,0.2,0.005,0.6000000000000001,0.46,0.14000000000000007,0.23333333333333342,19.494850915394707,6.857321441525053,20.277147292179023,3.7050066666666663,3,20.0
