N,tau_c,beta_E,beta_C,Jc_used,J_star,Delta_star,Delta_star_norm,objective_star_mean,objective_star_std,I_dec_star_mean,rate_star_mean,n_valid_points,rate_cap_used
2000,0.05,0.0,0.005,0.6000000000000001,0.52,0.08000000000000007,0.13333333333333344,14.960699373958875,3.7080318216006636,14.989264896446088,3.99726,5,20.0
2000,0.05,0.2,0.005,0.6000000000000001,0.49,0.1100000000000001,0.18333333333333346,14.607373170530499,3.7268538891686536,15.338263545999022,3.50751,5,20.0
