N,beta_C,Jc,J_star
2000.0,0.0,0.6000000000000001,0.52
2000.0,0.005,0.6000000000000001,0.52
2000.0,0.01,0.6000000000000001,0.52
5000.0,0.0,0.6000000000000001,0.48
5000.0,0.005,0.6000000000000001,0.48
5000.0,0.01,0.6000000000000001,0.48
10000.0,0.0,0.6000000000000001,0.5
10000.0,0.005,0.6000000000000001,0.5
10000.0,0.01,0.6000000000000001,0.5
