N,J,Jc,I_dec_Ridge,I_dec_OLS
5000,0.48,0.6000000000000001,152.49470282795633,152.49457123461613
5000,0.49,0.6000000000000001,155.73707902569686,155.73705326234835
5000,0.5,0.6000000000000001,158.90268481966538,158.90262988894887
5000,0.51,0.6000000000000001,152.9330828929496,152.9330553627734
5000,0.52,0.6000000000000001,131.13304777580413,131.13304122297896
5000,0.53,0.6000000000000001,154.39435068127048,154.39431144208015
