J,I_dec,mean_rate,status
0.52,143.69882446986597,3.9599,Stable
0.533,144.83831853840235,3.8682125,Stable
0.546,142.96145095324806,3.783775,Stable
0.559,138.85742143241976,3.6969125,Stable
0.5720000000000001,141.9703748447648,3.6185,Stable
0.585,129.45553450308668,3.5417125,Stable
0.5980000000000001,140.0030229041418,3.4679125,Stable
0.611,137.9018710700208,3.39805,Stable
0.624,139.61967222828358,3.3306,Stable
0.637,137.9122014768939,3.2652125,Stable
0.65,136.9496785754436,3.2047625,Stable
