N,Jc_chi_mean,Jc_chi_std,Jc_chi_boot_std,edge_peak_chi,Jc_tau_q_mean,Jc_tau_std,Jc_tau_q_boot_std,edge_warn_tau,tau_max,tau_nan_frac,stable_frac_threshold,tau_quantile
1000,0.5900000000000001,0.0,0.007704544113703295,False,0.6000000000000001,0.0,1.1102230246251565e-16,False,0.06199171355175802,0.0,0.6,0.9
2000,0.5900000000000001,0.0,0.002861817604250839,False,0.6000000000000001,0.0,1.1102230246251565e-16,False,0.09350672297006093,0.0,0.6,0.9
5000,0.5900000000000001,0.0,0.001977371993328521,False,0.6000000000000001,0.0,1.1102230246251565e-16,False,0.12436851462281587,0.21951219512195122,0.6,0.9
10000,0.5900000000000001,0.0,1.1102230246251565e-16,False,0.6000000000000001,0.0,1.1102230246251565e-16,False,0.13983097512940623,0.34146341463414637,0.6,0.9
