N,tau_c,beta_E,beta_C,Jc_used,J_star,Delta_star,Delta_star_norm,objective_star_mean,objective_star_std,I_dec_star_mean,rate_star_mean,n_valid_points,rate_cap_used
5000,0.05,0.0,0.005,0.6000000000000001,0.48,0.1200000000000001,0.20000000000000015,18.351330713872095,5.361875334388045,18.383204639864275,4.829385,4,20.0
5000,0.05,0.2,0.005,0.6000000000000001,0.5,0.10000000000000009,0.1666666666666668,17.557850952675707,5.100796749862136,18.318358052030163,3.62411,4,20.0
