N,tau_c,beta_E,beta_C,Jc_used,J_star,Delta_star,Delta_star_norm,objective_star_mean,objective_star_std,I_dec_star_mean,rate_star_mean,n_valid_points,rate_cap_used
12000,0.05,0.0,0.005,0.6000000000000001,0.46,0.14000000000000007,0.23333333333333342,20.457160677236164,6.8632287961686185,20.496429436374914,3.7457,3,20.0
12000,0.05,0.2,0.005,0.6000000000000001,0.48,0.1200000000000001,0.20000000000000015,19.704364376999568,7.0423738911594285,20.462203244709535,3.608602777777778,3,20.0
