N,seed,tau_c,beta_E,beta_C,J,Jc_used,Delta,theta0,thetaV,thetaA,I_dec,mean_rate,objective,stable_flag,error_msg
2000,1,0.05,0.0,0.0,0.48,nan,nan,nan,nan,nan,nan,nan,nan,0,SystemError('CPUDispatcher(<function _simulate_mc_numba at 0x796e6abb5300>) returned a result with an exception set')
2000,1,0.05,0.0,0.0,0.49,nan,nan,1.9128330141674785,-4.066056897180285,0.2501231785789444,13.244386037872564,4.79535,13.244386037872564,1,
2000,1,0.05,0.0,0.0,0.5,nan,nan,-0.8427757860703612,2.7976067938456914,-1.5522226436019044,10.345680623876218,9.90735,10.345680623876218,1,
2000,1,0.05,0.0,0.0,0.51,nan,nan,-1.6665211531730435,2.1538354897762444,-1.2584145141607297,10.099340473435339,7.10375,10.099340473435339,1,
2000,1,0.05,0.0,0.0,0.52,nan,nan,3.8278187870332796,-4.651877398591046,0.2731716464881389,13.188774212467871,5.1651,13.188774212467871,1,
2000,2,0.05,0.0,0.0,0.48,nan,nan,4.697989545312814,-4.351851242161705,-1.1873730610256712,18.061190234805668,3.17195,18.061190234805668,1,
