N,tau_c,beta_E,beta_C,Jc_used,J_star,Delta_star,Delta_star_norm,objective_star_mean,objective_star_std,I_dec_star_mean,rate_star_mean,n_valid_points,rate_cap_used
8000,0.05,0.0,0.005,0.6000000000000001,0.5,0.10000000000000009,0.1666666666666668,19.476839516879863,6.714681490566745,19.508886383059473,4.218204166666666,3,20.0
8000,0.05,0.2,0.005,0.6000000000000001,0.48,0.1200000000000001,0.20000000000000015,18.79443972175926,6.525521065030553,19.579594695425367,3.7574,3,20.0
